<?xml version="1.0" encoding="UTF-8" standalone="yes"?>
<addon id="repository.m1r3p" name="M1R3p" version="0.0.1" provider-name="t0d0r3p">
    <extension point="xbmc.addon.repository" name="T0d0R3p">
     <dir>
        <info>https://raw.githubusercontent.com/xxxxxxxxxxxxxxxxxxxx/Repo/master/Repositorio/addons.xml</info>
        <checksum>https://raw.githubusercontent.com/xxxxxxxxxxxxxxxxxx/Repo/master/Repositorio/addons.xml.md5</checksum>
        <datadir zip="true">https://raw.githubusercontent.com/xxxxxxxxxxxx/master/Repositorio/</datadir>
     </dir>
     <dir version="12.0.0">
        <info>https://github.com/alfa-addon/alfa-repo/raw/master/addons.xml</info>
        <checksum>https://github.com/alfa-addon/alfa-repo/raw/master/addons.xml.md5</checksum>
        <datadir zip="true">https://github.com/alfa-addon/alfa-repo/raw/master</datadir>
     </dir>
    </extension>
    <extension point="xbmc.addon.metadata">
        <summary>All types of Contents</summary>
        <description>Find any type of content</description>
        <disclaimer>The author of this addon do not host any of the content which is found and have no affiliation with any of the content providers. This addon simply searches websites for content. Use at your own risk!</disclaimer>
        <platform>all</platform>
    </extension>
</addon>
