<?xml version="1.0" encoding="UTF-8" standalone="yes"?>
<addon id="repository.m1rp" name="[COLOR slategray]m1rp[/COLOR]" version="0.0.6" provider-name="mirepo">
    <extension point="xbmc.addon.repository" name="tlm">
	 <dir>
		<info compressed="false">https://raw.githubusercontent.com/Gujal00/smrzips/master/addons.xml</info>
		<checksum>https://raw.githubusercontent.com/Gujal00/smrzips/master/addons.xml.md5</checksum>
		<datadir zip="true">https://raw.githubusercontent.com/Gujal00/smrzips/master/zips/</datadir>
	</dir>
     <dir>
        <info>https://raw.githubusercontent.com/userio1/todorp/main/sips/addons.xml</info>
        <checksum>https://raw.githubusercontent.com/userio1/todorp/main/sips/addons.xml.md5</checksum>
        <datadir zip="true">https://raw.githubusercontent.com/userio1/main/sips/</datadir>
     </dir>
	<dir>
		<info compressed="false">https://raw.githubusercontent.com/teamuniversal/scrapers/master/_modules4all/zips/addons.xml</info>
		<checksum>https://raw.githubusercontent.com/teamuniversal/scrapers/master/_modules4all/zips/addons.xml.md5</checksum>
		<datadir zip="true">https://raw.githubusercontent.com/teamuniversal/scrapers/master/_modules4all/zips/</datadir>
	</dir>
     <dir version="12.0.0">
        <info>https://github.com/alfa-addon/alfa-repo/raw/master/addons.xml</info>
        <checksum>https://github.com/alfa-addon/alfa-repo/raw/master/addons.xml.md5</checksum>
        <datadir zip="true">https://github.com/alfa-addon/alfa-repo/raw/master</datadir>
     </dir>
	<dir minversion="16.0.0" maxversion="18.9.9">
	   <info compressed="false">https://raw.githubusercontent.com/thecrewwh/zips/master/_zip/addons.xml</info>
	   <checksum>https://raw.githubusercontent.com/thecrewwh/zips/master/_zip/addons.xml.md5</checksum>
	   <datadir zip="true">https://raw.githubusercontent.com/thecrewwh/zips/master/_zip</datadir>
	</dir>
     </dir>
        <info>https://raw.githubusercontent.com/blackghostaddon/repo/master/addons.xml</info>
        <checksum>https://raw.githubusercontent.com/blackghostaddon/repo/master/addons.xml.md5</checksum>
        <datadir zip="true">https://raw.githubusercontent.com/blackghostaddon/repo/master/</datadir>
	</dir>
<!--
    <dir>
		<info>https://raw.githubusercontent.com/balandro-tk/balandro/main/addons.xml</info>
		<checksum>https://raw.githubusercontent.com/balandro-tk/balandro/main/addons.xml.md5</checksum>
		<datadir zip="true">https://raw.githubusercontent.com/balandro-tk/balandro/main/</datadir>
    </dir>
-->
    <dir>
      <info compressed="false">https://k.slyguy.xyz/.repo/addons.xml</info>
      <checksum>https://k.slyguy.xyz/.repo/addons.xml.md5</checksum>
      <datadir zip="true">https://k.slyguy.xyz/.repo/</datadir>
    </dir>
    </extension>
    <extension point="xbmc.addon.metadata">
        <summary>All types of Contents</summary>
        <description>Find any type of content</description>
        <disclaimer>The author of this addon do not host any of the content which is found and have no affiliation with any of the content providers. This addon simply searches websites for content. Use at your own risk!</disclaimer>
        <platform>all</platform>
    </extension>
</addon>
